-- MySQL dump 10.13  Distrib 5.7.26, for Linux (x86_64)
--
-- Host: localhost    Database: one-target-romance
-- ------------------------------------------------------
-- Server version	5.7.26-0ubuntu0.16.04.1

/*!40101 SET @OLD_CHARACTER_SET_CLIENT=@@CHARACTER_SET_CLIENT */;
/*!40101 SET @OLD_CHARACTER_SET_RESULTS=@@CHARACTER_SET_RESULTS */;
/*!40101 SET @OLD_COLLATION_CONNECTION=@@COLLATION_CONNECTION */;
/*!40101 SET NAMES utf8 */;
/*!40103 SET @OLD_TIME_ZONE=@@TIME_ZONE */;
/*!40103 SET TIME_ZONE='+00:00' */;
/*!40014 SET @OLD_UNIQUE_CHECKS=@@UNIQUE_CHECKS, UNIQUE_CHECKS=0 */;
/*!40014 SET @OLD_FOREIGN_KEY_CHECKS=@@FOREIGN_KEY_CHECKS, FOREIGN_KEY_CHECKS=0 */;
/*!40101 SET @OLD_SQL_MODE=@@SQL_MODE, SQL_MODE='NO_AUTO_VALUE_ON_ZERO' */;
/*!40111 SET @OLD_SQL_NOTES=@@SQL_NOTES, SQL_NOTES=0 */;

--
-- Table structure for table `county_master`
--

DROP TABLE IF EXISTS `county_master`;
/*!40101 SET @saved_cs_client     = @@character_set_client */;
/*!40101 SET character_set_client = utf8 */;
CREATE TABLE `county_master` (
  `id` int(11) NOT NULL AUTO_INCREMENT,
  `name` varchar(100) NOT NULL,
  PRIMARY KEY (`id`)
) ENGINE=InnoDB AUTO_INCREMENT=248 DEFAULT CHARSET=latin1;
/*!40101 SET character_set_client = @saved_cs_client */;

--
-- Dumping data for table `county_master`
--

LOCK TABLES `county_master` WRITE;
/*!40000 ALTER TABLE `county_master` DISABLE KEYS */;
INSERT INTO `county_master` VALUES (1,'India'),(2,'Albania'),(3,'Algeria'),(4,'American Samoa'),(5,'Andorra'),(6,'Angola'),(7,'Anguilla'),(8,'Antarctica'),(9,'Antigua And Barbuda'),(10,'Argentina'),(11,'Armenia'),(12,'Aruba'),(13,'Australia'),(14,'Austria'),(15,'Azerbaijan'),(16,'Bahamas The'),(17,'Bahrain'),(18,'Bangladesh'),(19,'Barbados'),(20,'Belarus'),(21,'Belgium'),(22,'Belize'),(23,'Benin'),(24,'Bermuda'),(25,'Bhutan'),(26,'Bolivia'),(27,'Bosnia and Herzegovina'),(28,'Botswana'),(29,'Bouvet Island'),(30,'Brazil'),(31,'British Indian Ocean Territory'),(32,'Brunei'),(33,'Bulgaria'),(34,'Burkina Faso'),(35,'Burundi'),(36,'Cambodia'),(37,'Cameroon'),(38,'Canada'),(39,'Cape Verde'),(40,'Cayman Islands'),(41,'Central African Republic'),(42,'Chad'),(43,'Chile'),(44,'China'),(45,'Christmas Island'),(46,'Cocos (Keeling) Islands'),(47,'Colombia'),(48,'Comoros'),(49,'Republic Of The Congo'),(50,'Democratic Republic Of The Congo'),(51,'Cook Islands'),(52,'Costa Rica'),(53,'Cote D\'Ivoire (Ivory Coast)'),(54,'Croatia (Hrvatska)'),(55,'Cuba'),(56,'Cyprus'),(57,'Czech Republic'),(58,'Denmark'),(59,'Djibouti'),(60,'Dominica'),(61,'Dominican Republic'),(62,'East Timor'),(63,'Ecuador'),(64,'Egypt'),(65,'El Salvador'),(66,'Equatorial Guinea'),(67,'Eritrea'),(68,'Estonia'),(69,'Ethiopia'),(70,'External Territories of Australia'),(71,'Falkland Islands'),(72,'Faroe Islands'),(73,'Fiji Islands'),(74,'Finland'),(75,'France'),(76,'French Guiana'),(77,'French Polynesia'),(78,'French Southern Territories'),(79,'Gabon'),(80,'Gambia The'),(81,'Georgia'),(82,'Germany'),(83,'Ghana'),(84,'Gibraltar'),(85,'Greece'),(86,'Greenland'),(87,'Grenada'),(88,'Guadeloupe'),(89,'Guam'),(90,'Guatemala'),(91,'Guernsey and Alderney'),(92,'Guinea'),(93,'Guinea-Bissau'),(94,'Guyana'),(95,'Haiti'),(96,'Heard and McDonald Islands'),(97,'Honduras'),(98,'Hong Kong S.A.R.'),(99,'Hungary'),(100,'Iceland'),(101,'India'),(102,'Indonesia'),(103,'Iran'),(104,'Iraq'),(105,'Ireland'),(106,'Israel'),(107,'Italy'),(108,'Jamaica'),(109,'Japan'),(110,'Jersey'),(111,'Jordan'),(112,'Kazakhstan'),(113,'Kenya'),(114,'Kiribati'),(115,'Korea North'),(116,'Korea South'),(117,'Kuwait'),(118,'Kyrgyzstan'),(119,'Laos'),(120,'Latvia'),(121,'Lebanon'),(122,'Lesotho'),(123,'Liberia'),(124,'Libya'),(125,'Liechtenstein'),(126,'Lithuania'),(127,'Luxembourg'),(128,'Macau S.A.R.'),(129,'Macedonia'),(130,'Madagascar'),(131,'Malawi'),(132,'Malaysia'),(133,'Maldives'),(134,'Mali'),(135,'Malta'),(136,'Man (Isle of)'),(137,'Marshall Islands'),(138,'Martinique'),(139,'Mauritania'),(140,'Mauritius'),(141,'Mayotte'),(142,'Mexico'),(143,'Micronesia'),(144,'Moldova'),(145,'Monaco'),(146,'Mongolia'),(147,'Montserrat'),(148,'Morocco'),(149,'Mozambique'),(150,'Myanmar'),(151,'Namibia'),(152,'Nauru'),(153,'Nepal'),(154,'Netherlands Antilles'),(155,'Netherlands The'),(156,'New Caledonia'),(157,'New Zealand'),(158,'Nicaragua'),(159,'Niger'),(160,'Nigeria'),(161,'Niue'),(162,'Norfolk Island'),(163,'Northern Mariana Islands'),(164,'Norway'),(165,'Oman'),(166,'Pakistan'),(167,'Palau'),(168,'Palestinian Territory Occupied'),(169,'Panama'),(170,'Papua new Guinea'),(171,'Paraguay'),(172,'Peru'),(173,'Philippines'),(174,'Pitcairn Island'),(175,'Poland'),(176,'Portugal'),(177,'Puerto Rico'),(178,'Qatar'),(179,'Reunion'),(180,'Romania'),(181,'Russia'),(182,'Rwanda'),(183,'Saint Helena'),(184,'Saint Kitts And Nevis'),(185,'Saint Lucia'),(186,'Saint Pierre and Miquelon'),(187,'Saint Vincent And The Grenadines'),(188,'Samoa'),(189,'San Marino'),(190,'Sao Tome and Principe'),(191,'Saudi Arabia'),(192,'Senegal'),(193,'Serbia'),(194,'Seychelles'),(195,'Sierra Leone'),(196,'Singapore'),(197,'Slovakia'),(198,'Slovenia'),(199,'Smaller Territories of the UK'),(200,'Solomon Islands'),(201,'Somalia'),(202,'South Africa'),(203,'South Georgia'),(204,'South Sudan'),(205,'Spain'),(206,'Sri Lanka'),(207,'Sudan'),(208,'Suriname'),(209,'Svalbard And Jan Mayen Islands'),(210,'Swaziland'),(211,'Sweden'),(212,'Switzerland'),(213,'Syria'),(214,'Taiwan'),(215,'Tajikistan'),(216,'Tanzania'),(217,'Thailand'),(218,'Togo'),(219,'Tokelau'),(220,'Tonga'),(221,'Trinidad And Tobago'),(222,'Tunisia'),(223,'Turkey'),(224,'Turkmenistan'),(225,'Turks And Caicos Islands'),(226,'Tuvalu'),(227,'Uganda'),(228,'Ukraine'),(229,'United Arab Emirates'),(230,'United Kingdom'),(231,'United States'),(232,'United States Minor Outlying Islands'),(233,'Uruguay'),(234,'Uzbekistan'),(235,'Vanuatu'),(236,'Vatican City State (Holy See)'),(237,'Venezuela'),(238,'Vietnam'),(239,'Virgin Islands (British)'),(240,'Virgin Islands (US)'),(241,'Wallis And Futuna Islands'),(242,'Western Sahara'),(243,'Yemen'),(244,'Yugoslavia'),(245,'Zambia'),(246,'Zimbabwe'),(247,'Afghanistan');
/*!40000 ALTER TABLE `county_master` ENABLE KEYS */;
UNLOCK TABLES;

--
-- Table structure for table `form_schema`
--

DROP TABLE IF EXISTS `form_schema`;
/*!40101 SET @saved_cs_client     = @@character_set_client */;
/*!40101 SET character_set_client = utf8 */;
CREATE TABLE `form_schema` (
  `id` int(11) NOT NULL AUTO_INCREMENT,
  `form_schema_name` varchar(100) NOT NULL,
  `form_schema` json DEFAULT NULL,
  `created_date` datetime DEFAULT CURRENT_TIMESTAMP,
  `updated_date` datetime DEFAULT CURRENT_TIMESTAMP,
  PRIMARY KEY (`id`)
) ENGINE=InnoDB AUTO_INCREMENT=5 DEFAULT CHARSET=latin1;
/*!40101 SET character_set_client = @saved_cs_client */;

--
-- Dumping data for table `form_schema`
--

LOCK TABLES `form_schema` WRITE;
/*!40000 ALTER TABLE `form_schema` DISABLE KEYS */;
INSERT INTO `form_schema` VALUES (1,'profile_type_1','[{\"tag\": \"input\", \"name\": \"firstname\", \"type\": \"text\", \"value\": \"\", \"className\": \"form-control\", \"validation\": true, \"placeholder\": \"Author first name*\"}, {\"tag\": \"input\", \"name\": \"lastname\", \"type\": \"text\", \"value\": \"\", \"className\": \"form-control\", \"validation\": true, \"placeholder\": \"Author last name*\"}, {\"tag\": \"input\", \"name\": \"middlename\", \"type\": \"text\", \"value\": \"\", \"className\": \"form-control\", \"validation\": true, \"placeholder\": \"Author Middle name*\"}, {\"tag\": \"file\", \"name\": \"profile\", \"size\": \"3072\", \"type\": \"file\", \"value\": \"\", \"className\": \"form-control\", \"validation\": true}, {\"tag\": \"title\", \"title\": \"Contact\"}, {\"tag\": \"input\", \"name\": \"email\", \"type\": \"email\", \"value\": \"\", \"className\": \"form-control\", \"validation\": true, \"placeholder\": \"Email*\"}, {\"tag\": \"radio\", \"name\": \"emailDisplay\", \"type\": \"radio\", \"value\": \"Yes\", \"buttons\": [{\"name\": \"Yes\"}, {\"name\": \"No\"}], \"className\": \"form-control\", \"validation\": true, \"placeholder\": \"Publicly display email on profile page: \"}, {\"tag\": \"title\", \"title\": \"Social media profiles\"}, {\"tag\": \"input\", \"name\": \"Profilelink\", \"type\": \"text\", \"value\": \"\", \"className\": \"form-control\", \"validation\": true, \"placeholder\": \"Goodreads Profile link*\"}, {\"tag\": \"input\", \"name\": \"website\", \"type\": \"text\", \"value\": \"\", \"className\": \"form-control\", \"validation\": false, \"placeholder\": \"Website\"}, {\"tag\": \"input\", \"name\": \"fblink\", \"type\": \"text\", \"value\": \"\", \"className\": \"form-control\", \"validation\": false, \"placeholder\": \"Facebook Link\"}, {\"tag\": \"input\", \"name\": \"googlelink\", \"type\": \"text\", \"value\": \"\", \"className\": \"form-control\", \"validation\": false, \"placeholder\": \"Google Link\"}, {\"tag\": \"custom\", \"name\": \"ReaderGroups\", \"links\": \"1\", \"title\": \"Reader groups: \", \"children\": [{\"tag\": \"input\", \"name\": \"group_name\", \"type\": \"text\", \"value\": \"\", \"className\": \"form-control in_form_control\", \"validation\": true, \"placeholder\": \"Name\"}, {\"tag\": \"select\", \"name\": \"type\", \"type\": \"button\", \"value\": \"\", \"options\": [{\"text\": \"Amazon\", \"value\": \"Amazon\"}, {\"text\": \"Barns & Noble\", \"value\": \"Barns & Noble\"}, {\"text\": \"iBooks\", \"value\": \"iBooks\"}, {\"text\": \"Kobo\", \"value\": \"Kobo\"}, {\"text\": \"Google books\", \"value\": \"Google books\"}, {\"text\": \"Smashwords\", \"value\": \"Smashwords\"}], \"className\": \"btn btn-secondary dropdown-toggle dd_custom form-control\"}, {\"tag\": \"input\", \"name\": \"rlink\", \"type\": \"text\", \"value\": \"\", \"className\": \"form-control in_form_control\", \"validation\": false, \"placeholder\": \"link\"}, {\"tag\": \"add\", \"placeholder\": \"Add more links\"}], \"linkname\": \"rlink\"}, {\"tag\": \"custom\", \"name\": \"WhereToPurchase\", \"links\": \"1\", \"title\": \"Where to purchase\", \"children\": [{\"tag\": \"select\", \"name\": \"publication\", \"type\": \"button\", \"value\": \"\", \"options\": [{\"text\": \"Amazon\", \"value\": \"Amazon\"}, {\"text\": \"Barns & Noble\", \"value\": \"Barns & Noble\"}, {\"text\": \"iBooks\", \"value\": \"iBooks\"}, {\"text\": \"Kobo\", \"value\": \"Kobo\"}, {\"text\": \"Google books\", \"value\": \"Google books\"}, {\"text\": \"Smashwords\", \"value\": \"Smashwords\"}], \"className\": \"btn btn-secondary dropdown-toggle dd_custom form-control\", \"placeholder\": \"please select publisher\"}, {\"tag\": \"input\", \"name\": \"wlink\", \"type\": \"text\", \"value\": \"\", \"className\": \"form-control in_form_control\", \"validation\": false, \"placeholder\": \"link\"}, {\"tag\": \"add\", \"placeholder\": \"Add more links\"}], \"linkname\": \"wlink\"}, {\"tag\": \"input\", \"name\": \"newsletter-signup\", \"type\": \"text\", \"value\": \"\", \"className\": \"form-control\", \"validation\": false, \"placeholder\": \"Newsletter sign up\"}, {\"tag\": \"input\", \"name\": \"master-arc-signup\", \"type\": \"text\", \"value\": \"\", \"className\": \"form-control\", \"validation\": false, \"placeholder\": \"Master ARC list sign up\"}, {\"tag\": \"input\", \"name\": \"bestsite\", \"type\": \"text\", \"value\": \"\", \"className\": \"form-control\", \"validation\": false, \"placeholder\": \"Best site for readers to connect with you?\"}, {\"tag\": \"title\", \"title\": \"Bio\"}, {\"tag\": \"textarea\", \"name\": \"Bio\", \"type\": \"textarea\", \"value\": \"\", \"className\": \"form-control custom_textarea\", \"validation\": true, \"placeholder\": \"Add your author bio here\"}]','2019-06-10 18:37:37','2019-06-10 18:37:37'),(2,'profile_type_3','[{\"tag\": \"input\", \"name\": \"blogname\", \"type\": \"text\", \"value\": \"\", \"className\": \"form-control\", \"validation\": true, \"placeholder\": \"Blog name*\"}, {\"tag\": \"file\", \"name\": \"profile\", \"size\": \"3072\", \"type\": \"file\", \"value\": \"\", \"className\": \"form-control\", \"validation\": true}, {\"tag\": \"title\", \"title\": \"Contact\"}, {\"tag\": \"input\", \"name\": \"email\", \"type\": \"email\", \"value\": \"\", \"className\": \"form-control\", \"validation\": true, \"placeholder\": \"Email*\"}, {\"tag\": \"title\", \"title\": \"Social media profiles\"}, {\"tag\": \"input\", \"name\": \"bloglink\", \"type\": \"text\", \"value\": \"\", \"className\": \"form-control\", \"validation\": true, \"placeholder\": \"Blog link*\"}, {\"tag\": \"input\", \"name\": \"Profilelink\", \"type\": \"text\", \"value\": \"\", \"className\": \"form-control\", \"validation\": true, \"placeholder\": \"Goodreads Profile link*\"}, {\"tag\": \"input\", \"name\": \"website\", \"type\": \"text\", \"value\": \"\", \"className\": \"form-control\", \"validation\": false, \"placeholder\": \"Website\"}, {\"tag\": \"input\", \"name\": \"fblink\", \"type\": \"text\", \"value\": \"\", \"className\": \"form-control\", \"validation\": false, \"placeholder\": \"Facebook Link\"}, {\"tag\": \"input\", \"name\": \"googlelink\", \"type\": \"text\", \"value\": \"\", \"className\": \"form-control\", \"validation\": false, \"placeholder\": \"Google Link\"}, {\"tag\": \"custom\", \"name\": \"FanGroups\", \"links\": \"1\", \"title\": \"Fan groups: : \", \"children\": [{\"tag\": \"input\", \"name\": \"group_name\", \"type\": \"text\", \"value\": \"\", \"className\": \"form-control in_form_control\", \"validation\": true, \"placeholder\": \"Name\"}, {\"tag\": \"select\", \"name\": \"type\", \"type\": \"button\", \"value\": \"\", \"options\": [{\"text\": \"Facebook\", \"value\": \"Facebook\"}, {\"text\": \"Goodreads\", \"value\": \"Goodreads\"}], \"className\": \"btn btn-secondary dropdown-toggle dd_custom form-control\"}, {\"tag\": \"input\", \"name\": \"flink\", \"type\": \"text\", \"value\": \"\", \"className\": \"form-control in_form_control\", \"validation\": false, \"placeholder\": \"link\"}, {\"tag\": \"add\", \"placeholder\": \"Add more links\"}], \"linkname\": \"flink\"}, {\"tag\": \"title\", \"title\": \"Best site for readers to interact with you?\"}, {\"tag\": \"input\", \"name\": \"user-best-site\", \"type\": \"text\", \"value\": \"\", \"className\": \"form-control\", \"validation\": false, \"placeholder\": \"\"}]','2019-06-10 18:38:05','2019-06-10 18:38:05'),(3,'profile_type_5','[{\"tag\": \"input\", \"name\": \"PRFirmName\", \"type\": \"text\", \"value\": \"\", \"className\": \"form-control\", \"validation\": true, \"placeholder\": \"PR Firm Name*\"}, {\"tag\": \"file\", \"name\": \"profile\", \"size\": \"3072\", \"type\": \"file\", \"value\": \"\", \"className\": \"form-control\", \"validation\": true}, {\"tag\": \"title\", \"title\": \"List up to three recent clients/works\"}, {\"tag\": \"input\", \"name\": \"client-work-1\", \"type\": \"text\", \"value\": \"\", \"className\": \"form-control\", \"validation\": true, \"placeholder\": \"\"}, {\"tag\": \"input\", \"name\": \"client-work-2\", \"type\": \"text\", \"value\": \"\", \"className\": \"form-control\", \"validation\": true, \"placeholder\": \"\"}, {\"tag\": \"input\", \"name\": \"client-work-3\", \"type\": \"text\", \"value\": \"\", \"className\": \"form-control\", \"validation\": true, \"placeholder\": \"\"}, {\"tag\": \"radio\", \"name\": \"accept-new-client\", \"type\": \"radio\", \"value\": \"yes\", \"buttons\": [{\"name\": \"yes\"}, {\"name\": \"Not at the moment\"}], \"className\": \"form-control\", \"validation\": true, \"placeholder\": \"Are you accepting new clients?: \"}, {\"tag\": \"title\", \"title\": \"Contact: \"}, {\"tag\": \"input\", \"name\": \"email\", \"type\": \"email\", \"value\": \"\", \"className\": \"form-control\", \"validation\": true, \"placeholder\": \"Email*\"}, {\"tag\": \"radio\", \"name\": \"emailDisplay\", \"type\": \"radio\", \"value\": \"Yes\", \"buttons\": [{\"name\": \"Yes\"}, {\"name\": \"No\"}], \"className\": \"form-control\", \"validation\": true, \"placeholder\": \"Publicly display email on profile page: \"}, {\"tag\": \"title\", \"title\": \"Social media profiles\"}, {\"tag\": \"input\", \"name\": \"Profilelink\", \"type\": \"text\", \"value\": \"\", \"className\": \"form-control\", \"validation\": true, \"placeholder\": \"Goodreads Profile link*\"}, {\"tag\": \"input\", \"name\": \"website\", \"type\": \"text\", \"value\": \"\", \"className\": \"form-control\", \"validation\": false, \"placeholder\": \"Website\"}, {\"tag\": \"input\", \"name\": \"fblink\", \"type\": \"text\", \"value\": \"\", \"className\": \"form-control\", \"validation\": false, \"placeholder\": \"Facebook Link\"}, {\"tag\": \"input\", \"name\": \"googlelink\", \"type\": \"text\", \"value\": \"\", \"className\": \"form-control\", \"validation\": false, \"placeholder\": \"Google Link\"}, {\"tag\": \"custom\", \"name\": \"PRFangroups\", \"links\": \"1\", \"title\": \"PR Fan groups: \", \"children\": [{\"tag\": \"input\", \"name\": \"group_name\", \"type\": \"text\", \"value\": \"\", \"className\": \"form-control in_form_control\", \"validation\": true, \"placeholder\": \"Name\"}, {\"tag\": \"select\", \"name\": \"type\", \"type\": \"button\", \"value\": \"\", \"options\": [{\"text\": \"Facebook\", \"value\": \"Facebook\"}, {\"text\": \"Goodreads\", \"value\": \"Goodreads\"}], \"className\": \"btn btn-secondary dropdown-toggle dd_custom form-control\"}, {\"tag\": \"input\", \"name\": \"prlink\", \"type\": \"text\", \"value\": \"\", \"className\": \"form-control in_form_control\", \"validation\": false, \"placeholder\": \"link\"}, {\"tag\": \"add\", \"placeholder\": \"Add more links\"}], \"linkname\": \"prlink\"}, {\"tag\": \"title\", \"title\": \"Best site for authors to interact with you?*\"}, {\"tag\": \"input\", \"name\": \"Best-site-for-authors\", \"type\": \"text\", \"value\": \"\", \"className\": \"form-control\", \"validation\": true, \"placeholder\": \"\"}, {\"tag\": \"title\", \"title\": \"Best site for bloggers/readers to interact with you?*\"}, {\"tag\": \"input\", \"name\": \"Best-site-for-rb\", \"type\": \"text\", \"value\": \"\", \"className\": \"form-control\", \"validation\": true, \"placeholder\": \"\"}, {\"tag\": \"title\", \"title\": \"Bio\"}, {\"tag\": \"textarea\", \"name\": \"Bio\", \"type\": \"textarea\", \"value\": \"\", \"className\": \"form-control custom_textarea\", \"validation\": true, \"placeholder\": \"Add your author bio here\"}, {\"tag\": \"customdate\", \"service\": \"1\", \"children\": [{\"tag\": \"date\", \"value\": \"\"}, {\"tag\": \"service\", \"name\": \"service\", \"type\": \"text\", \"value\": \"\", \"className\": \"form-control\", \"validation\": \"false\", \"placeholder\": \"Service\"}, {\"tag\": \"add\", \"type\": \"service\", \"placeholder\": \"Add more\"}], \"placeholder\": \"Do you have any work openings to add to Last minute vendor cancellation list?\"}]','2019-06-10 18:38:16','2019-06-10 18:38:16'),(4,'profile_type_4','[{\"tag\": \"input\", \"name\": \"comapany_name\", \"type\": \"text\", \"value\": \"\", \"className\": \"form-control\", \"validation\": true, \"placeholder\": \"Company name*\"}, {\"tag\": \"file\", \"name\": \"profile\", \"size\": \"3072\", \"type\": \"file\", \"value\": \"\", \"className\": \"form-control\", \"validation\": true}, {\"tag\": \"title\", \"title\": \"Services offered (select all that applies): \"}, {\"tag\": \"checkbox\", \"buttons\": [{\"name\": \"Book cover designer\", \"value\": \"false\"}, {\"name\": \"Editor\", \"value\": \"false\"}]}, {\"tag\": \"title\", \"title\": \"List up to three recent clients/works\"}, {\"tag\": \"input\", \"name\": \"client-work-1\", \"type\": \"text\", \"value\": \"\", \"className\": \"form-control\", \"validation\": true, \"placeholder\": \"\"}, {\"tag\": \"input\", \"name\": \"client-work-2\", \"type\": \"text\", \"value\": \"\", \"className\": \"form-control\", \"validation\": true, \"placeholder\": \"\"}, {\"tag\": \"input\", \"name\": \"client-work-3\", \"type\": \"text\", \"value\": \"\", \"className\": \"form-control\", \"validation\": true, \"placeholder\": \"\"}, {\"tag\": \"radio\", \"name\": \"accept-new-client\", \"type\": \"radio\", \"value\": \"yes\", \"buttons\": [{\"name\": \"yes\"}, {\"name\": \"Not at the moment\"}], \"className\": \"form-control\", \"validation\": true, \"placeholder\": \"Are you accepting new clients?: \"}, {\"tag\": \"title\", \"title\": \"Contact: \"}, {\"tag\": \"input\", \"name\": \"email\", \"type\": \"email\", \"value\": \"\", \"className\": \"form-control\", \"validation\": true, \"placeholder\": \"Email*\"}, {\"tag\": \"radio\", \"name\": \"emailDisplay\", \"type\": \"radio\", \"value\": \"Yes\", \"buttons\": [{\"name\": \"Yes\"}, {\"name\": \"No\"}], \"className\": \"form-control\", \"validation\": true, \"placeholder\": \"Publicly display email on profile page: \"}, {\"tag\": \"title\", \"title\": \"Social media profiles\"}, {\"tag\": \"input\", \"name\": \"Profilelink\", \"type\": \"text\", \"value\": \"\", \"className\": \"form-control\", \"validation\": true, \"placeholder\": \"Goodreads Profile link*\"}, {\"tag\": \"input\", \"name\": \"website\", \"type\": \"text\", \"value\": \"\", \"className\": \"form-control\", \"validation\": false, \"placeholder\": \"Website\"}, {\"tag\": \"input\", \"name\": \"fblink\", \"type\": \"text\", \"value\": \"\", \"className\": \"form-control\", \"validation\": false, \"placeholder\": \"Facebook Link\"}, {\"tag\": \"input\", \"name\": \"googlelink\", \"type\": \"text\", \"value\": \"\", \"className\": \"form-control\", \"validation\": false, \"placeholder\": \"Google Link\"}, {\"tag\": \"title\", \"title\": \"Best site for authors to interact with you?*\"}, {\"tag\": \"input\", \"name\": \"Best-site-for-authors\", \"type\": \"text\", \"value\": \"\", \"className\": \"form-control\", \"validation\": true, \"placeholder\": \"\"}, {\"tag\": \"title\", \"title\": \"Bio\"}, {\"tag\": \"textarea\", \"name\": \"Bio\", \"type\": \"textarea\", \"value\": \"\", \"className\": \"form-control custom_textarea\", \"validation\": true, \"placeholder\": \"Add your author bio here\"}, {\"tag\": \"customdate\", \"service\": \"1\", \"children\": [{\"tag\": \"date\", \"value\": \"\"}, {\"tag\": \"service\", \"name\": \"service\", \"type\": \"text\", \"value\": \"\", \"className\": \"form-control\", \"validation\": \"false\", \"placeholder\": \"Service\"}, {\"tag\": \"add\", \"type\": \"service\", \"placeholder\": \"Add more\"}], \"placeholder\": \"Do you have any work openings to add to Last minute vendor cancellation list?\"}]','2019-06-10 18:38:38','2019-06-10 18:38:38');
/*!40000 ALTER TABLE `form_schema` ENABLE KEYS */;
UNLOCK TABLES;

--
-- Table structure for table `membership_master`
--

DROP TABLE IF EXISTS `membership_master`;
/*!40101 SET @saved_cs_client     = @@character_set_client */;
/*!40101 SET character_set_client = utf8 */;
CREATE TABLE `membership_master` (
  `id` int(11) NOT NULL AUTO_INCREMENT,
  `user_type_id` int(11) NOT NULL,
  `description` text,
  `cost` double NOT NULL,
  `validity` int(11) NOT NULL,
  PRIMARY KEY (`id`),
  KEY `fk_membership_master_1_idx` (`user_type_id`),
  CONSTRAINT `fk_membership_master_1` FOREIGN KEY (`user_type_id`) REFERENCES `user_type` (`id`) ON UPDATE NO ACTION
) ENGINE=InnoDB AUTO_INCREMENT=6 DEFAULT CHARSET=latin1;
/*!40101 SET character_set_client = @saved_cs_client */;

--
-- Dumping data for table `membership_master`
--

LOCK TABLES `membership_master` WRITE;
/*!40000 ALTER TABLE `membership_master` DISABLE KEYS */;
INSERT INTO `membership_master` VALUES (1,1,'<p>The most comprehensive membership</p> <ul class=\"model_text\"> <li> Full access to calendar and features </li> <li> Full access to calendar and features </li> <li> Ability to add all types of events to calendar </li> <li> Network with vendors </li> <li> Customizable Author profile page </li> <li> Organize all events on your Release Event page </li> <li> Increased visibility for followers </li> <li> Earn or purchase blast to followers </li> <li> Manage promotions and giveaways </li> <li> Access to a \"Last minute vendor cancellation list\" enabling you to book sought after vendors with long waiting lists. </li> <li> Ability to use calendar as a reader </li> <li> <b> $180 USD / year</b> </li> </ul>',180,1),(2,2,'<ul class=\"model_text\"> <li> Full access to all calendar events </li> <li> Add events to your reading calendar and receive daily or weekly reminders </li> <li> Use sort page to quickly sift through events that that pertains to your reading </li> <li> Sort page will help you stay current by enabling you to quickly go through new events and scan for popular events you might have missed </li> <li> Ability to add your name & contact info to a beta readers list accessible to all author members in author’s networking section </li> <li> Easy access to ARC sign ups available to public </li> <li> <b>$25 USD / year</b> </li></ul>',180,1),(3,3,'<p><b>STANDARD MEMBERSHIP</b></p> <ul class=\"model_text\"> <li> Full access to all calendar events </li> <li> Exclusive blogger access to all Cover reveal promos & ARC sign ups </li> <li> Add events to your reading calendar and receive daily or weekly reminders </li> <li> Use sort page to quickly sift through events that pertains to your blog </li> <li> Sort page will help you stay current by enabling you to quickly go through new events and scan for popular events you might have missed </li> <li> Ability to add your name & contact info to a beta readers list accessible to all author members in author’s networking section </li> <li> <b> $36 USD / year </b> </li> </ul> <p style=\"margin-top: 50px;\"><b>PREMIUM MEMBERSHIP</b></p> <ul class=\"model_text\"> <li> Full access to all calendar events </li> <li> Exclusive blogger access to all Cover reveal promos & ARC sign ups </li> <li> Add events to your reading calendar and receive daily or weekly reminders </li> <li> Use sort page to quickly sift through events that pertains to your blog </li> <li> Sort page will help you stay current by enabling you to quickly go through new events and scan for popular events you might have missed </li> <li> Ability to add your name & contact info to a beta readers list accessible to all author members in author’s networking section </li> <li> <b> Ability to add Giveaways & Release parties to calendar </b> </li> <li> <b> Customize Blogger profile page with links to social media </b> </li> <li> <b> Links to all events hosted by your blog on profile page </b> </li> <li> <b> $48 USD / year </b> </li> <ul>',180,1),(4,4,'<ul class=\"model_text\"> <li> Network with authors </li> <li> Vendor profile page with information about your services, contact info and links to social media </li> <li> Offer any of these services: Book cover designer, Editor, Proofreader, Formatter, Interior decorators, Graphic designer of PR material, Social media consultant, Social media manager, Book signing organizers, Photographers, Cover models </li> <li> Ability to indicate on your profile when you accept new clients </li> <li> Ability to add yourself to a \"Last minute vendor cancellation list\" accessible to authors in author networking section </li> <li> Ability to use calendar as a reader </li> <li> <b> $120 USD / year </b></li> <ul>',180,1),(5,5,'<p>Second most comprehensive membership (after authors)</p> <ul class=\"model_text\"> <li> Full access to calendar and features </li> <li> Ability to add a variety of events to calendar </li> <li> Network with authors and vendors </li> <li> Customizable PR Profile page to highlight your services, link to hosted events, contact details and links to social media </li> <li> Your profile page also hosts links to all events hosted by you </li> <li> Ability to have followers </li> <li> Earn or purchase blast to followers </li> <li> Ability to indicate when new clients are added to your portfolio or when you are accepting new clients </li> <li> Flexibility to broadcast a \"Last minute vendor cancellation list\" accessible to authors </li> <li> Manage promotions and giveaways </li> <li> Ability to use calendar as a reader </li> <li> <b> $480 USD / year*** </b></li> </ul> <i> ***With launch we offer 3-6 month barter membership with PR firms, please contact SueBee: XXX</i>',180,1);
/*!40000 ALTER TABLE `membership_master` ENABLE KEYS */;
UNLOCK TABLES;

--
-- Table structure for table `otp`
--

DROP TABLE IF EXISTS `otp`;
/*!40101 SET @saved_cs_client     = @@character_set_client */;
/*!40101 SET character_set_client = utf8 */;
CREATE TABLE `otp` (
  `id` int(11) NOT NULL AUTO_INCREMENT,
  `email` varchar(100) NOT NULL,
  `otp` varchar(10) NOT NULL,
  `expiry_at` datetime NOT NULL,
  `created_date` datetime DEFAULT CURRENT_TIMESTAMP,
  `updated_date` datetime DEFAULT CURRENT_TIMESTAMP,
  PRIMARY KEY (`id`)
) ENGINE=InnoDB AUTO_INCREMENT=22 DEFAULT CHARSET=latin1;
/*!40101 SET character_set_client = @saved_cs_client */;

--
-- Dumping data for table `otp`
--

LOCK TABLES `otp` WRITE;
/*!40000 ALTER TABLE `otp` DISABLE KEYS */;
INSERT INTO `otp` VALUES (6,'akibderiaya123+34@gmail.com','140205','2019-05-13 17:31:31','2019-05-13 17:16:11','2019-05-13 17:16:11'),(14,'ayshrimali+4@gmail.com','141057','2019-05-25 05:31:05','2019-05-25 05:16:05','2019-05-25 05:16:05');
/*!40000 ALTER TABLE `otp` ENABLE KEYS */;
UNLOCK TABLES;

--
-- Table structure for table `transaction_logs`
--

DROP TABLE IF EXISTS `transaction_logs`;
/*!40101 SET @saved_cs_client     = @@character_set_client */;
/*!40101 SET character_set_client = utf8 */;
CREATE TABLE `transaction_logs` (
  `id` int(11) NOT NULL AUTO_INCREMENT,
  `membership_id` int(11) NOT NULL,
  `user_id` int(11) NOT NULL,
  `stage` enum('checkout','complete') DEFAULT 'checkout',
  `transaction_id` varchar(100) DEFAULT NULL,
  `reference_id` varchar(100) DEFAULT NULL,
  `status` enum('success','fail') DEFAULT NULL,
  `created_date` datetime DEFAULT CURRENT_TIMESTAMP,
  `updated_date` datetime DEFAULT CURRENT_TIMESTAMP,
  PRIMARY KEY (`id`),
  KEY `fk_transaction_logs_1_idx` (`membership_id`),
  KEY `fk_transaction_logs_2_idx` (`user_id`),
  CONSTRAINT `fk_transaction_logs_1` FOREIGN KEY (`membership_id`) REFERENCES `membership_master` (`id`) ON UPDATE NO ACTION,
  CONSTRAINT `fk_transaction_logs_2` FOREIGN KEY (`user_id`) REFERENCES `users` (`id`) ON DELETE NO ACTION ON UPDATE NO ACTION
) ENGINE=InnoDB AUTO_INCREMENT=13 DEFAULT CHARSET=latin1;
/*!40101 SET character_set_client = @saved_cs_client */;

--
-- Dumping data for table `transaction_logs`
--

LOCK TABLES `transaction_logs` WRITE;
/*!40000 ALTER TABLE `transaction_logs` DISABLE KEYS */;
INSERT INTO `transaction_logs` VALUES (1,2,4,'complete','ABCD123','ABCD123','success','2019-05-13 16:22:25','2019-05-13 16:22:25'),(2,5,5,'complete','ABCD123','ABCD123','success','2019-05-13 17:14:12','2019-05-13 17:14:12'),(3,1,8,'complete','ABCD123','ABCD123','success','2019-05-13 17:26:37','2019-05-13 17:26:37'),(4,1,10,'complete','ABCD123','ABCD123','success','2019-05-13 18:58:05','2019-05-13 18:58:05'),(5,1,11,'complete','ABCD123','ABCD123','success','2019-05-18 19:32:29','2019-05-18 19:32:29'),(6,1,12,'complete','ABCD123','ABCD123','success','2019-05-20 17:33:08','2019-05-20 17:33:08'),(7,1,13,'complete','ABCD123','ABCD123','success','2019-05-25 05:45:15','2019-05-25 05:45:15'),(8,1,15,'complete','ABCD123','ABCD123','success','2019-05-25 05:47:01','2019-05-25 05:47:01'),(9,1,16,'complete','ABCD123','ABCD123','success','2019-05-25 10:16:01','2019-05-25 10:16:01'),(10,1,18,'complete','ABCD123','ABCD123','success','2019-06-10 18:40:39','2019-06-10 18:40:39'),(11,5,20,'complete','ABCD123','ABCD123','success','2019-06-19 19:13:02','2019-06-19 19:13:02'),(12,3,21,'complete','ABCD123','ABCD123','success','2019-06-21 04:22:28','2019-06-21 04:22:28');
/*!40000 ALTER TABLE `transaction_logs` ENABLE KEYS */;
UNLOCK TABLES;

--
-- Table structure for table `user_type`
--

DROP TABLE IF EXISTS `user_type`;
/*!40101 SET @saved_cs_client     = @@character_set_client */;
/*!40101 SET character_set_client = utf8 */;
CREATE TABLE `user_type` (
  `id` int(11) NOT NULL AUTO_INCREMENT,
  `type_name` varchar(30) NOT NULL,
  PRIMARY KEY (`id`)
) ENGINE=InnoDB AUTO_INCREMENT=6 DEFAULT CHARSET=latin1;
/*!40101 SET character_set_client = @saved_cs_client */;

--
-- Dumping data for table `user_type`
--

LOCK TABLES `user_type` WRITE;
/*!40000 ALTER TABLE `user_type` DISABLE KEYS */;
INSERT INTO `user_type` VALUES (1,'Author'),(2,'Reader'),(3,'Blogger'),(4,'Vendor'),(5,'PR Firm');
/*!40000 ALTER TABLE `user_type` ENABLE KEYS */;
UNLOCK TABLES;

--
-- Table structure for table `users`
--

DROP TABLE IF EXISTS `users`;
/*!40101 SET @saved_cs_client     = @@character_set_client */;
/*!40101 SET character_set_client = utf8 */;
CREATE TABLE `users` (
  `id` int(11) NOT NULL AUTO_INCREMENT,
  `display_name` varchar(100) NOT NULL,
  `email` varchar(100) NOT NULL,
  `password` varchar(100) NOT NULL,
  `type_id` int(11) NOT NULL,
  `follow_code` varchar(30) DEFAULT NULL,
  `forgot_password_code` varchar(50) DEFAULT NULL,
  `is_email_verified` tinyint(4) DEFAULT NULL,
  `country_id` int(11) NOT NULL,
  `member_expiry_date` datetime DEFAULT NULL,
  `created_date` datetime DEFAULT CURRENT_TIMESTAMP,
  `updated_date` datetime DEFAULT CURRENT_TIMESTAMP,
  `user_details` json DEFAULT NULL,
  PRIMARY KEY (`id`),
  KEY `fk_users_1_idx` (`type_id`),
  KEY `fk_users_2_idx` (`country_id`),
  CONSTRAINT `fk_users_country` FOREIGN KEY (`country_id`) REFERENCES `county_master` (`id`) ON UPDATE NO ACTION,
  CONSTRAINT `fk_users_type` FOREIGN KEY (`type_id`) REFERENCES `user_type` (`id`) ON UPDATE NO ACTION
) ENGINE=InnoDB AUTO_INCREMENT=22 DEFAULT CHARSET=latin1;
/*!40101 SET character_set_client = @saved_cs_client */;

--
-- Dumping data for table `users`
--

LOCK TABLES `users` WRITE;
/*!40000 ALTER TABLE `users` DISABLE KEYS */;
INSERT INTO `users` VALUES (1,'akibderaiya','akibderaiya123@gmail.com','$2b$10$q.ZF9vtg4e21E7QfrepWM.y92oM2TmQD9.EoqGnAuh.hCeJkLm59a',1,NULL,NULL,1,1,NULL,'2019-05-10 18:22:20','2019-05-10 18:22:20',NULL),(2,'ayshrimali','ayshrimali@gmail.com','$2b$10$7BjnWun5HffoG7YR6J2p/uTtfrWWeU8wu8cy.4boVm//nHdZIWx.2',1,NULL,NULL,1,1,NULL,'2019-05-10 20:33:24','2019-05-10 20:33:24','[{\"tag\": \"input\", \"name\": \"firstname\", \"type\": \"text\", \"value\": \"Anjum\", \"className\": \"form-control\", \"validation\": true, \"placeholder\": \"Author first name*\"}, {\"tag\": \"input\", \"name\": \"lastname\", \"type\": \"text\", \"value\": \"Shrimali\", \"className\": \"form-control\", \"validation\": true, \"placeholder\": \"Author last name*\"}, {\"tag\": \"input\", \"name\": \"middlename\", \"type\": \"text\", \"value\": \"Test Middle Name\", \"className\": \"form-control\", \"validation\": true, \"placeholder\": \"Author Middle name*\"}, {\"tag\": \"file\", \"name\": \"profile\", \"type\": \"file\", \"value\": \"/profile-photo/931b6fd7-e739-4047-9e9a-afa8e31175a0.jpg\", \"className\": \"form-control\", \"validation\": true}, {\"tag\": \"title\", \"title\": \"Contact\"}, {\"tag\": \"input\", \"name\": \"email\", \"type\": \"email\", \"value\": \"ayshrimali@gmail.com\", \"className\": \"form-control\", \"validation\": true, \"placeholder\": \"Email*\"}, {\"tag\": \"title\", \"title\": \"Social media profiles\"}, {\"tag\": \"input\", \"name\": \"Profilelink\", \"type\": \"text\", \"value\": \"Profile link\", \"className\": \"form-control\", \"validation\": true, \"placeholder\": \"Goodreads Profile link*\"}, {\"tag\": \"input\", \"name\": \"website\", \"type\": \"text\", \"value\": \"Test Website\", \"className\": \"form-control\", \"validation\": false, \"placeholder\": \"Website\"}, {\"tag\": \"input\", \"name\": \"fblink\", \"type\": \"text\", \"value\": \"Test facebook link\", \"className\": \"form-control\", \"validation\": false, \"placeholder\": \"Facebook Link\"}, {\"tag\": \"input\", \"name\": \"googlelink\", \"type\": \"text\", \"value\": \"Test Google link\", \"className\": \"form-control\", \"validation\": false, \"placeholder\": \"Google Link\"}, {\"tag\": \"custom\", \"name\": \"ReaderGroups\", \"title\": \"Reader groups:\", \"children\": [{\"tag\": \"input\", \"name\": \"group_name\", \"type\": \"text\", \"value\": \"iBooks group name\", \"className\": \"form-control in_form_control\", \"validation\": true, \"placeholder\": \"Name\"}, {\"tag\": \"select\", \"name\": \"type\", \"type\": \"button\", \"value\": \"iBooks\", \"options\": [{\"text\": \"Amazon\", \"value\": \"Amazon\"}, {\"text\": \"Barns & Noble\", \"value\": \"Barns & Noble\"}, {\"text\": \"iBooks\", \"value\": \"iBooks\"}, {\"text\": \"Kobo\", \"value\": \"Kobo\"}, {\"text\": \"Google books\", \"value\": \"Google books\"}, {\"text\": \"Smashwords\", \"value\": \"Smashwords\"}], \"className\": \"btn btn-secondary dropdown-toggle dd_custom form-control\"}, {\"tag\": \"input\", \"name\": \"rlink\", \"type\": \"text\", \"value\": \"iBooks link\", \"className\": \"form-control in_form_control\", \"validation\": false, \"placeholder\": \"link\"}]}, {\"tag\": \"custom\", \"name\": \"WhereToPurchase\", \"title\": \"Where to purchase\", \"children\": [{\"tag\": \"select\", \"name\": \"publication\", \"type\": \"button\", \"value\": \"\", \"options\": [{\"text\": \"Amazon\", \"value\": \"Amazon\"}, {\"text\": \"Barns & Noble\", \"value\": \"Barns & Noble\"}, {\"text\": \"iBooks\", \"value\": \"iBooks\"}, {\"text\": \"Kobo\", \"value\": \"Kobo\"}, {\"text\": \"Google books\", \"value\": \"Google books\"}, {\"text\": \"Smashwords\", \"value\": \"Smashwords\"}], \"className\": \"btn btn-secondary dropdown-toggle dd_custom form-control\", \"placeholder\": \"please select publisher\"}, {\"tag\": \"input\", \"name\": \"wlink1\", \"type\": \"text\", \"value\": \"Amazon purchase link\", \"className\": \"form-control in_form_control\", \"validation\": false, \"placeholder\": \"link\"}, {\"tag\": \"input\", \"name\": \"wlink2\", \"type\": \"text\", \"value\": \"\", \"className\": \"form-control in_form_control\", \"validation\": false, \"placeholder\": \"link\"}]}, {\"tag\": \"title\", \"title\": \"Bio\"}, {\"tag\": \"textarea\", \"name\": \"Bio\", \"type\": \"textarea\", \"value\": \"Test author bio content.\", \"className\": \"form-control custom_textarea\", \"validation\": true, \"placeholder\": \"Add your author bio here\"}]'),(3,'akib','akibderaiya123+123@gmail.com','$2b$10$3MrdKJ5w1qphLtbuLpKah.GxhOyDzLmb0TFc5xWU6UHH/53Z/G9nm',2,NULL,NULL,1,1,NULL,'2019-05-13 04:42:49','2019-05-13 04:42:49',NULL),(4,'akibderaiya','akibderaiya123+44@gmail.com','$2b$10$PNZTfediGvIPTJFV/ssyA.VB4U0PAmt3kC5grmCLyztaAxmGh0Afi',2,NULL,NULL,1,1,'2020-05-12 16:22:25','2019-05-13 16:20:38','2019-05-13 16:22:25',NULL),(5,'akibderaiya','akibderaiya123+009@gmail.com','$2b$10$BJqec7nydRS8HXTLDvNJy.Yi4y1QEmEb21tT6LfaDtELakJ4Alnpu',5,NULL,NULL,1,1,'2020-05-12 17:14:12','2019-05-13 17:13:53','2019-05-13 17:14:12',NULL),(6,'akibderaiya','akibderiaya123+34@gmail.com','$2b$10$BccyKUiWWEqrslzuvUeEwuwjsTlY.Zj1M0ecdFEyiyNwCfyzSfU4G',5,NULL,NULL,NULL,1,NULL,'2019-05-13 17:16:11','2019-05-13 17:16:11',NULL),(7,'akibderaiya','akibderaiya123+334@gmail.com','$2b$10$AQf57j75x2LCoeyCee/Reu5.XKJNitETcIkSpSPBq5LLzemNnPORW',3,NULL,NULL,1,1,NULL,'2019-05-13 17:23:48','2019-05-13 17:23:48',NULL),(8,'akibderaiy','akibderaiya123+34455@gmail.com','$2b$10$B3ITX0AQ.7rj/2yC96YsFeNApS4Wr1nQawjq1Wis/HspSxNQvevJC',1,NULL,NULL,1,1,'2020-05-12 17:26:37','2019-05-13 17:26:06','2019-05-13 17:26:37',NULL),(9,'akibderaiya','akibderaiya123+756@gmail.com','$2b$10$mYkFmBiovFUjOutLbOZs6uGMZSb2Rt6QVVGaX/hvQP2vulLE/jGdK',3,NULL,NULL,1,1,NULL,'2019-05-13 17:49:15','2019-05-13 17:49:15',NULL),(10,'ayshrimali1','ayshrimali+1@gmail.com','$2b$10$sTf/yX7g8Oc/ZJq9KtgTiuuMaOAt6kEv4APvE03ZWGq64Z744R8/K',1,NULL,NULL,1,1,'2020-05-12 18:58:05','2019-05-13 18:56:38','2019-05-13 18:58:05',NULL),(11,'akibderaiya','akibderaiya123+333@gmail.com','$2b$10$8o9jghSFDDzjjKp.A2owuObhcXfQHtfWue6C9hJ/T8tM6GAA0.Dca',1,NULL,NULL,1,1,'2020-05-17 19:32:29','2019-05-18 19:32:08','2019-05-18 19:32:29','[{\"tag\": \"input\", \"name\": \"firstname\", \"type\": \"text\", \"value\": \"aa\", \"className\": \"form-control\", \"validation\": true, \"placeholder\": \"Author first name*\"}, {\"tag\": \"input\", \"name\": \"lastname\", \"type\": \"text\", \"value\": \"aa\", \"className\": \"form-control\", \"validation\": true, \"placeholder\": \"Author last name*\"}, {\"tag\": \"input\", \"name\": \"middlename\", \"type\": \"text\", \"value\": \"aa\", \"className\": \"form-control\", \"validation\": true, \"placeholder\": \"Author Middle name*\"}, {\"tag\": \"file\", \"name\": \"profile\", \"type\": \"file\", \"value\": \"/profile-photo/3d613aa3-f752-4394-b442-add0f7ec4bdd.png\", \"className\": \"form-control\", \"validation\": true}, {\"tag\": \"title\", \"title\": \"Contact\"}, {\"tag\": \"input\", \"name\": \"email\", \"type\": \"email\", \"value\": \"aa@gmail.com\", \"className\": \"form-control\", \"validation\": true, \"placeholder\": \"Email*\"}, {\"tag\": \"title\", \"title\": \"Social media profiles\"}, {\"tag\": \"input\", \"name\": \"Profilelink\", \"type\": \"text\", \"value\": \"aa\", \"className\": \"form-control\", \"validation\": true, \"placeholder\": \"Goodreads Profile link*\"}, {\"tag\": \"input\", \"name\": \"website\", \"type\": \"text\", \"value\": \"aa\", \"className\": \"form-control\", \"validation\": false, \"placeholder\": \"Website\"}, {\"tag\": \"input\", \"name\": \"fblink\", \"type\": \"text\", \"value\": \"aa\", \"className\": \"form-control\", \"validation\": false, \"placeholder\": \"Facebook Link\"}, {\"tag\": \"input\", \"name\": \"googlelink\", \"type\": \"text\", \"value\": \"aa\", \"className\": \"form-control\", \"validation\": false, \"placeholder\": \"Google Link\"}, {\"tag\": \"custom\", \"name\": \"ReaderGroups\", \"title\": \"Reader groups:\", \"children\": [{\"tag\": \"input\", \"name\": \"group_name\", \"type\": \"text\", \"value\": \"AA\", \"className\": \"form-control in_form_control\", \"validation\": true, \"placeholder\": \"Name\"}, {\"tag\": \"select\", \"name\": \"type\", \"type\": \"button\", \"value\": \"iBooks\", \"options\": [{\"text\": \"Amazon\", \"value\": \"Amazon\"}, {\"text\": \"Barns & Noble\", \"value\": \"Barns & Noble\"}, {\"text\": \"iBooks\", \"value\": \"iBooks\"}, {\"text\": \"Kobo\", \"value\": \"Kobo\"}, {\"text\": \"Google books\", \"value\": \"Google books\"}, {\"text\": \"Smashwords\", \"value\": \"Smashwords\"}], \"className\": \"btn btn-secondary dropdown-toggle dd_custom form-control\"}, {\"tag\": \"input\", \"name\": \"rlink\", \"type\": \"text\", \"value\": \"AA\", \"className\": \"form-control in_form_control\", \"validation\": false, \"placeholder\": \"link\"}]}, {\"tag\": \"custom\", \"name\": \"WhereToPurchase\", \"title\": \"Where to purchase\", \"children\": [{\"tag\": \"select\", \"name\": \"publication\", \"type\": \"button\", \"value\": \"iBooks\", \"options\": [{\"text\": \"Amazon\", \"value\": \"Amazon\"}, {\"text\": \"Barns & Noble\", \"value\": \"Barns & Noble\"}, {\"text\": \"iBooks\", \"value\": \"iBooks\"}, {\"text\": \"Kobo\", \"value\": \"Kobo\"}, {\"text\": \"Google books\", \"value\": \"Google books\"}, {\"text\": \"Smashwords\", \"value\": \"Smashwords\"}], \"className\": \"btn btn-secondary dropdown-toggle dd_custom form-control\", \"placeholder\": \"please select publisher\"}, {\"tag\": \"input\", \"name\": \"wlink1\", \"type\": \"text\", \"value\": \"AA\", \"className\": \"form-control in_form_control\", \"validation\": false, \"placeholder\": \"link\"}, {\"tag\": \"input\", \"name\": \"wlink2\", \"type\": \"text\", \"value\": \"AA\", \"className\": \"form-control in_form_control\", \"validation\": false, \"placeholder\": \"link\"}]}, {\"tag\": \"title\", \"title\": \"Bio\"}, {\"tag\": \"textarea\", \"name\": \"Bio\", \"type\": \"textarea\", \"value\": \"AA\\nAAA\\n\", \"className\": \"form-control custom_textarea\", \"validation\": true, \"placeholder\": \"Add your author bio here\"}]'),(12,'ayshrimali+2','ayshrimali+2@gmail.com','$2b$10$bP1juxd6kenRB9tOTkenOuY6.L.jqJKWFiHG4zXkkTTtr8MQh0I3.',1,NULL,NULL,1,1,'2020-05-19 17:33:08','2019-05-20 17:32:33','2019-05-20 17:33:08',NULL),(13,'ayshrimali+3','ayshrimali+3@gmail.com','$2b$10$OeREvWfX5hWs4/nuwlMUee5PdaUHq2PmMO/I63mBC1t7AJ.KxRFXu',1,NULL,NULL,1,1,'2020-05-24 05:45:15','2019-05-25 05:05:04','2019-05-25 05:45:15',NULL),(14,'ayshrimali+4','ayshrimali+4@gmail.com','$2b$10$a3kVoZc9HujaX5WlDpiEIe1WBp8NzA4hJaV5fshznWgeX9vPV7MmW',4,NULL,NULL,NULL,1,NULL,'2019-05-25 05:16:05','2019-05-25 05:16:05',NULL),(15,'ayshrimali+5','ayshrimali+5@gmail.com','$2b$10$5bg9UDUUxtuhxxHZSae6R.0U9cyGk5OaI52b04CmmsbPxrH6O0K/O',1,NULL,NULL,1,1,'2020-05-24 05:47:01','2019-05-25 05:46:16','2019-05-25 05:47:01',NULL),(16,'ayshrimali+6','ayshrimali+6@gmail.com','$2b$10$JSJN81wZjQ2tC3jy2FQL1uQj5XZm8t5EA4eHZn8ajRcltGooDzFGa',1,NULL,NULL,1,1,'2020-05-24 10:16:01','2019-05-25 10:14:39','2019-05-25 10:16:01',NULL),(17,'ayshrimali+10','ayshrimali+10@gmail.com','$2b$10$ylXLNLfyHhUo72tW9EcYmeSa13BOlBbOhiKkXC14emO6kfl6gSjEm',4,NULL,NULL,1,1,NULL,'2019-06-10 03:59:24','2019-06-10 03:59:24',NULL),(18,'Akib@12345','akibderaiya123+111@gmail.com','$2b$10$vf5FaBWZk8/WdX0GAqQpwO2j8afwWU3AECgGwahR4RMLsT4Gi6vmS',1,NULL,NULL,1,1,'2020-06-09 18:40:39','2019-06-10 18:40:18','2019-06-10 18:40:39',NULL),(19,'akibderaiya','akibderaiya123+007@gmail.com','$2b$10$z5JPcbSuHhUiW8aCPKbsZuCRQAKwo8PxiqVkVS2CbexGwXbAYRJty',2,NULL,NULL,1,1,NULL,'2019-06-10 18:49:17','2019-06-10 18:49:17',NULL),(20,'ayshrimali+15','ayshrimali+15@gmail.com','$2b$10$83QM.uT.kMI5hiJz/sri9ems83RGU6BCshETLFiGVfqtq8S6sXOFy',5,NULL,NULL,1,1,'2020-06-18 19:13:02','2019-06-19 19:10:46','2019-06-19 19:13:02','[{\"tag\": \"input\", \"name\": \"PRFirmName\", \"type\": \"text\", \"value\": \"ICS\", \"className\": \"form-control\", \"validation\": true, \"placeholder\": \"PR Firm Name*\"}, {\"tag\": \"file\", \"name\": \"profile\", \"size\": \"3072\", \"type\": \"file\", \"value\": \"/profile-photo/1b0a8bc2-6625-4d86-a463-d1371a2c224b.png\", \"className\": \"form-control\", \"validation\": true}, {\"tag\": \"title\", \"title\": \"List up to three recent clients/works\"}, {\"tag\": \"input\", \"name\": \"client-work-1\", \"type\": \"text\", \"value\": \"1234\", \"className\": \"form-control\", \"validation\": true, \"placeholder\": \"\"}, {\"tag\": \"input\", \"name\": \"client-work-2\", \"type\": \"text\", \"value\": \"1234\", \"className\": \"form-control\", \"validation\": true, \"placeholder\": \"\"}, {\"tag\": \"input\", \"name\": \"client-work-3\", \"type\": \"text\", \"value\": \"1234\", \"className\": \"form-control\", \"validation\": true, \"placeholder\": \"\"}, {\"tag\": \"radio\", \"name\": \"accept-new-client\", \"type\": \"radio\", \"value\": \"yes\", \"buttons\": [{\"name\": \"yes\"}, {\"name\": \"Not at the moment\"}], \"className\": \"form-control\", \"validation\": true, \"placeholder\": \"Are you accepting new clients?: \"}, {\"tag\": \"title\", \"title\": \"Contact: \"}, {\"tag\": \"input\", \"name\": \"email\", \"type\": \"email\", \"value\": \"ayshrimali@gmail.com\", \"className\": \"form-control\", \"validation\": true, \"placeholder\": \"Email*\"}, {\"tag\": \"radio\", \"name\": \"emailDisplay\", \"type\": \"radio\", \"value\": \"Yes\", \"buttons\": [{\"name\": \"Yes\"}, {\"name\": \"No\"}], \"className\": \"form-control\", \"validation\": true, \"placeholder\": \"Publicly display email on profile page: \"}, {\"tag\": \"title\", \"title\": \"Social media profiles\"}, {\"tag\": \"input\", \"name\": \"Profilelink\", \"type\": \"text\", \"value\": \"https://www.google.com\", \"className\": \"form-control\", \"validation\": true, \"placeholder\": \"Goodreads Profile link*\"}, {\"tag\": \"input\", \"name\": \"website\", \"type\": \"text\", \"value\": \"Test\", \"className\": \"form-control\", \"validation\": false, \"placeholder\": \"Website\"}, {\"tag\": \"input\", \"name\": \"fblink\", \"type\": \"text\", \"value\": \"Test\", \"className\": \"form-control\", \"validation\": false, \"placeholder\": \"Facebook Link\"}, {\"tag\": \"input\", \"name\": \"googlelink\", \"type\": \"text\", \"value\": \"Test\", \"className\": \"form-control\", \"validation\": false, \"placeholder\": \"Google Link\"}, {\"tag\": \"custom\", \"name\": \"PRFangroups\", \"links\": 3, \"title\": \"PR Fan groups: \", \"children\": [{\"tag\": \"input\", \"name\": \"group_name\", \"type\": \"text\", \"value\": \"Test\", \"className\": \"form-control in_form_control\", \"validation\": true, \"placeholder\": \"Name\"}, {\"tag\": \"select\", \"name\": \"type\", \"type\": \"button\", \"value\": \"\", \"options\": [{\"text\": \"Facebook\", \"value\": \"Facebook\"}, {\"text\": \"Goodreads\", \"value\": \"Goodreads\"}], \"className\": \"btn btn-secondary dropdown-toggle dd_custom form-control\"}, {\"tag\": \"input\", \"name\": \"prlink\", \"type\": \"text\", \"value\": \"Test\", \"className\": \"form-control in_form_control\", \"validation\": false, \"placeholder\": \"link\"}, {\"tag\": \"input\", \"name\": \"prlink2\", \"type\": \"text\", \"value\": \"Test1\", \"className\": \"form-control in_form_control\", \"validation\": false, \"placeholder\": \"link\"}, {\"tag\": \"input\", \"name\": \"prlink3\", \"type\": \"text\", \"value\": \"Test2\", \"className\": \"form-control in_form_control\", \"validation\": false, \"placeholder\": \"link\"}, {\"tag\": \"add\", \"placeholder\": \"Add more links\"}], \"linkname\": \"prlink\"}, {\"tag\": \"title\", \"title\": \"Best site for authors to interact with you?*\"}, {\"tag\": \"input\", \"name\": \"Best-site-for-authors\", \"type\": \"text\", \"value\": \"Facebook\", \"className\": \"form-control\", \"validation\": true, \"placeholder\": \"\"}, {\"tag\": \"title\", \"title\": \"Best site for bloggers/readers to interact with you?*\"}, {\"tag\": \"input\", \"name\": \"Best-site-for-rb\", \"type\": \"text\", \"value\": \"Medium\", \"className\": \"form-control\", \"validation\": true, \"placeholder\": \"\"}, {\"tag\": \"title\", \"title\": \"Bio\"}, {\"tag\": \"textarea\", \"name\": \"Bio\", \"type\": \"textarea\", \"value\": \"This is the test bio description\", \"className\": \"form-control custom_textarea\", \"validation\": true, \"placeholder\": \"Add your author bio here\"}, {\"tag\": \"customdate\", \"service\": \"1\", \"children\": [{\"tag\": \"date\", \"value\": \"Mon Jun 03 2019\"}, {\"tag\": \"service\", \"name\": \"service\", \"type\": \"text\", \"value\": \"Cover page printing\", \"className\": \"form-control\", \"validation\": \"false\", \"placeholder\": \"Service\"}, {\"tag\": \"add\", \"type\": \"service\", \"placeholder\": \"Add more\"}], \"placeholder\": \"Do you have any work openings to add to Last minute vendor cancellation list?\"}]'),(21,'ayshrimali+16','ayshrimali+16@gmail.com','$2b$10$DPgle8oXd9vrBTMzDeza6.4dY7tpMB9Knd9kT1n12SwEngfxQ6ma2',3,NULL,NULL,1,1,'2020-06-20 04:22:28','2019-06-21 04:04:31','2019-06-21 04:22:28',NULL);
/*!40000 ALTER TABLE `users` ENABLE KEYS */;
UNLOCK TABLES;
/*!40103 SET TIME_ZONE=@OLD_TIME_ZONE */;

/*!40101 SET SQL_MODE=@OLD_SQL_MODE */;
/*!40014 SET FOREIGN_KEY_CHECKS=@OLD_FOREIGN_KEY_CHECKS */;
/*!40014 SET UNIQUE_CHECKS=@OLD_UNIQUE_CHECKS */;
/*!40101 SET CHARACTER_SET_CLIENT=@OLD_CHARACTER_SET_CLIENT */;
/*!40101 SET CHARACTER_SET_RESULTS=@OLD_CHARACTER_SET_RESULTS */;
/*!40101 SET COLLATION_CONNECTION=@OLD_COLLATION_CONNECTION */;
/*!40111 SET SQL_NOTES=@OLD_SQL_NOTES */;

-- Dump completed on 2019-06-21 14:48:19


-- New queries
alter table form_schema drop column `plateform`;
alter table `one-target-romance`.form_schema add platform varchar(50) default 'web';
alter table `one-target-romance`.form_schema add os varchar(50);
alter table `one-target-romance`.events add event_type varchar(50);